ecosystem,sha,timestamp,link
aws-samples,c68719182c186845b4ce9fd52b5b8c91847c5152,2020-02-25 12:59:02,https://github.com/aws-samples/amazon-s3-resumable-upload/commit/c68719182c186845b4ce9fd52b5b8c91847c5152
aws-samples,c4cd2d2e85214ed083fc1b415b5cdcd82bd2d29b,2023-03-02 18:38:16,https://github.com/aws-samples/amazon-codeguru-javascript-detectors/commit/c4cd2d2e85214ed083fc1b415b5cdcd82bd2d29b
aws-samples,cc25a197cc60a32f9cc2f160bf9cc1ff279d45bf,2023-11-07 16:05:54,https://github.com/aws-samples/aws-reinvent-2023-code-talk-assets/commit/cc25a197cc60a32f9cc2f160bf9cc1ff279d45bf
aws-samples,724784851135b0f281cec9fe254df92705931c9c,2021-06-03 07:30:59,https://github.com/aws-samples/aws-marketplace-serverless-saas-integration/commit/724784851135b0f281cec9fe254df92705931c9c
aws-samples,457404f22f09e3c38cd2759b088d98713a855623,2021-04-01 07:05:54,https://github.com/aws-samples/aws-cdk-emr-s3-trigger/commit/457404f22f09e3c38cd2759b088d98713a855623
aws-samples,d6ccfeea05cfc8aa89ab324d91728f3bcc7ed67d,2022-03-15 20:10:56,https://github.com/aws-samples/aws-panorama-samples/commit/d6ccfeea05cfc8aa89ab324d91728f3bcc7ed67d
aws-samples,d4dca7078571e88337c5c23b5405b702c69e4c2c,2023-09-22 13:57:35,https://github.com/aws-samples/qnabot-on-aws-plugin-samples/commit/d4dca7078571e88337c5c23b5405b702c69e4c2c
aws-samples,6bb87016eac82f17f43219e2016ecea716110e6d,2022-02-14 17:59:11,https://github.com/aws-samples/amazon-rekognition-ppe/commit/6bb87016eac82f17f43219e2016ecea716110e6d
aws-samples,012a023462f8c900f933de51fb7374414c24356d,2022-09-15 22:25:33,https://github.com/aws-samples/observability-with-amazon-opensearch/commit/012a023462f8c900f933de51fb7374414c24356d
aws-samples,ef6a8c71a4621bf6e356ec8a103dba5be47b0cd4,2021-11-26 23:24:01,https://github.com/aws-samples/aws-panorama-samples/commit/ef6a8c71a4621bf6e356ec8a103dba5be47b0cd4
aws-samples,23955817b0a0ec1a0eeaa0ed28784a568c2c3635,2021-02-24 15:10:40,https://github.com/aws-samples/amazon-cloudwatch-auto-alarms/commit/23955817b0a0ec1a0eeaa0ed28784a568c2c3635
aws-samples,221cf06224cd4ed83fc04ebb0d6939b4cead0078,2023-08-25 13:50:50,https://github.com/aws-samples/spark-on-aws-lambda/commit/221cf06224cd4ed83fc04ebb0d6939b4cead0078
aws-samples,b153c4698799745ed1a043bdd52797afb914634f,2023-11-29 17:02:07,https://github.com/aws-samples/aws-lambda-java-workshop/commit/b153c4698799745ed1a043bdd52797afb914634f
aws-samples,1cfcb6aff77177675d08f0019f53871efcf0d617,2023-10-27 09:43:25,https://github.com/aws-samples/aws-lambda-java-workshop/commit/1cfcb6aff77177675d08f0019f53871efcf0d617
aws-samples,c2b5afaaa4dca7d916c7a3659766e4d6f8367515,2023-06-28 20:19:44,https://github.com/aws-samples/aws-health-events-insight/commit/c2b5afaaa4dca7d916c7a3659766e4d6f8367515
aws-samples,a20c077144736cee1244cf5eedcc21c3eb3f0b2d,2021-01-07 13:00:35,https://github.com/aws-samples/aws-marketplace-serverless-saas-integration/commit/a20c077144736cee1244cf5eedcc21c3eb3f0b2d
aws-samples,ffc533b395717a8f7ed843d101d571ca90502b0d,2018-11-01 18:31:10,https://github.com/aws-samples/aws-serverless-security-workshop/commit/ffc533b395717a8f7ed843d101d571ca90502b0d
aws-samples,54a37e1d14878900a00e495485527342665f42fe,2023-06-29 23:32:28,https://github.com/aws-samples/amazon-kendra-langchain-extensions/commit/54a37e1d14878900a00e495485527342665f42fe
aws-samples,841b1c605244597830ec488e6159cf6ee194cdcd,2023-07-12 14:27:40,https://github.com/aws-samples/amazon-chime-sdk-meetings-with-amplify/commit/841b1c605244597830ec488e6159cf6ee194cdcd
aws-samples,9fe5caafca9f04697712f2aedd83e7249fc82a8c,2023-03-16 21:02:59,https://github.com/aws-samples/aws-lambda-java-workshop/commit/9fe5caafca9f04697712f2aedd83e7249fc82a8c
aws-samples,195f8ff7a2da7941cc9e60f9a0d9331f17f7f20b,2023-07-27 21:15:46,https://github.com/aws-samples/lambda-extensions-workshop/commit/195f8ff7a2da7941cc9e60f9a0d9331f17f7f20b
aws-samples,4c20d4312ba8a280805ae00c92a1c003f272f82a,2020-09-10 19:37:37,https://github.com/aws-samples/aws-marketplace-serverless-saas-integration/commit/4c20d4312ba8a280805ae00c92a1c003f272f82a
aws-samples,519be1f2dea4bef351931ca98032f8df03f7af14,2024-04-22 08:22:56,https://github.com/aws-samples/aws-lambda-java-workshop/commit/519be1f2dea4bef351931ca98032f8df03f7af14
aws-samples,0c9d089205f144b463409c3a90279257b616becc,2023-07-25 14:22:16,https://github.com/aws-samples/qnabot-on-aws-plugin-samples/commit/0c9d089205f144b463409c3a90279257b616becc
aws-samples,1aaf14df3010896806bcfa2c155716640cbc9bac,2021-05-12 06:51:09,https://github.com/aws-samples/aws-sdk-js-tests/commit/1aaf14df3010896806bcfa2c155716640cbc9bac
aws-samples,5c42ef4eb4e4f34d7ca08de376da210eaad4913f,2024-05-07 09:25:02,https://github.com/aws-samples/aws-lambda-java-workshop/commit/5c42ef4eb4e4f34d7ca08de376da210eaad4913f
aws-samples,e2973968442548e43209fbbc03f55f3f4dfb1e83,2022-05-24 18:08:00,https://github.com/aws-samples/amazon-ivs-player-web-sample/commit/e2973968442548e43209fbbc03f55f3f4dfb1e83
aws-samples,c9bb9d82d589c6bdcbb734ae3ca5246ddc9f76e4,2024-08-06 20:04:03,https://github.com/aws-samples/support-insights-with-amazon-q/commit/c9bb9d82d589c6bdcbb734ae3ca5246ddc9f76e4
aws-samples,0e913876466d01d8d09010faaa8b4bea39c1fb02,2024-02-05 09:29:17,https://github.com/aws-samples/aws-lambda-java-workshop/commit/0e913876466d01d8d09010faaa8b4bea39c1fb02
aws-samples,a95d951a4fb39161155e35bf8e68c51603456456,2022-08-22 09:29:00,https://github.com/aws-samples/aws-lambda-java-workshop/commit/a95d951a4fb39161155e35bf8e68c51603456456
aws-samples,5c70c6092fc092aeaa8e1c5cd9441f54ac8a255d,2023-10-31 12:54:13,https://github.com/aws-samples/drs-malware-scan/commit/5c70c6092fc092aeaa8e1c5cd9441f54ac8a255d
aws-samples,f3f9c1880a4832572fe40e1238713145136faca7,2023-10-04 08:25:10,https://github.com/aws-samples/aws-serverless-developer-experience-workshop-java/commit/f3f9c1880a4832572fe40e1238713145136faca7
aws-samples,356e2b547161b64c2f64da251d76fc97bd06e208,2023-11-06 09:14:37,https://github.com/aws-samples/aws-lambda-java-workshop/commit/356e2b547161b64c2f64da251d76fc97bd06e208
aws-samples,89434d50ca5ff99b2ec39bb6e2136a7c27b55767,2022-03-31 14:25:39,https://github.com/aws-samples/serverless-java-frameworks-samples/commit/89434d50ca5ff99b2ec39bb6e2136a7c27b55767
aws-samples,f23c22d2e02889a385fe17dbc018a6ca8f563ad7,2023-06-02 20:00:54,https://github.com/aws-samples/amazon-ivs-real-time-streaming-android-samples/commit/f23c22d2e02889a385fe17dbc018a6ca8f563ad7
aws-samples,f25b24c1d3de281fc26c1ccbba0cb63cdc58bcf2,2024-01-15 07:37:40,https://github.com/aws-samples/aws-serverless-developer-experience-workshop-dotnet/commit/f25b24c1d3de281fc26c1ccbba0cb63cdc58bcf2
aws-samples,d8196b3c96b9f15c4547b088fec2dfb182d37428,2023-05-16 02:06:27,https://github.com/aws-samples/aws-health-events-insight/commit/d8196b3c96b9f15c4547b088fec2dfb182d37428
aws-samples,8ad915bb04f3c79ad860a57042def546898116fe,2023-01-24 19:35:02,https://github.com/aws-samples/amazon-chime-sdk-meetings-with-amplify/commit/8ad915bb04f3c79ad860a57042def546898116fe
aws-samples,e677e202a8752d11b98c1976609eccd62a97889e,2023-09-07 23:45:01,https://github.com/aws-samples/observability-with-amazon-opensearch/commit/e677e202a8752d11b98c1976609eccd62a97889e
aws-samples,fbacfca7fd7ce0db795f0db41612221ad3be0b0f,2020-02-06 09:16:12,https://github.com/aws-samples/amazon-s3-resumable-upload/commit/fbacfca7fd7ce0db795f0db41612221ad3be0b0f
aws-samples,b244c7627ec472986ca0c9d4c74116e63f7904dc,2020-01-23 21:50:16,https://github.com/aws-samples/aws-sdk-js-tests/commit/b244c7627ec472986ca0c9d4c74116e63f7904dc
aws-samples,582eee8802e47127233fad9cbd9ee747e0861b64,2022-07-28 08:58:12,https://github.com/aws-samples/eks-multi-cluster-gitops/commit/582eee8802e47127233fad9cbd9ee747e0861b64
aws-samples,985df918acd71ec8a95a2c1e5d80c071efc661c8,2020-06-02 15:48:02,https://github.com/aws-samples/aws-control-tower-guardduty-enabler/commit/985df918acd71ec8a95a2c1e5d80c071efc661c8
aws-samples,34950aa76b16efb0f1bca6a7a312bc64d301b769,2024-02-27 19:45:56,https://github.com/aws-samples/spark-on-aws-lambda/commit/34950aa76b16efb0f1bca6a7a312bc64d301b769
aws-samples,59b0b9f6b0ad8ae1fd4f6ae51623f573ce08ccf2,2020-02-25 12:46:57,https://github.com/aws-samples/aws-serverless-workshop-innovator-island/commit/59b0b9f6b0ad8ae1fd4f6ae51623f573ce08ccf2
aws-samples,41a5215fb0c09f38c0459d4617caacca46081c9e,2021-01-07 07:10:51,https://github.com/aws-samples/amazon-eventbridge-resource-policy-samples/commit/41a5215fb0c09f38c0459d4617caacca46081c9e
aws-samples,90ad93e848c8b7d0b23718f04f1a746a5059a41e,2023-03-30 20:30:22,https://github.com/aws-samples/spark-on-aws-lambda/commit/90ad93e848c8b7d0b23718f04f1a746a5059a41e
aws-samples,b6ea0d41e73bd0c431ac778fa3d61e09709f9ffe,2023-08-08 01:53:23,https://github.com/aws-samples/appmod-partners-serverless/commit/b6ea0d41e73bd0c431ac778fa3d61e09709f9ffe
aws-samples,bf843ff40ed8f4302bd406076fbb9a72d395aab0,2022-01-12 10:21:42,https://github.com/aws-samples/amazon-cloudfront-secure-static-site/commit/bf843ff40ed8f4302bd406076fbb9a72d395aab0
aws-samples,808c6f7a287914a44b59bdbddb9c05ba71ec33ce,2022-06-13 19:03:09,https://github.com/aws-samples/eks-multi-cluster-gitops/commit/808c6f7a287914a44b59bdbddb9c05ba71ec33ce
aws-samples,c6f1051d945be34bac525b6fe10ec352363a9b9f,2022-11-26 05:39:40,https://github.com/aws-samples/aws-serverless-developer-experience-workshop-dotnet/commit/c6f1051d945be34bac525b6fe10ec352363a9b9f
aws-samples,4661e2e39679085f68dac3cfe53a08c6c2110ebd,2023-11-22 21:02:19,https://github.com/aws-samples/graviton-workshop/commit/4661e2e39679085f68dac3cfe53a08c6c2110ebd
aws-samples,93b9a88d4fcb93347669253b318749285ed689d8,2023-05-17 13:10:14,https://github.com/aws-samples/observability-with-amazon-opensearch/commit/93b9a88d4fcb93347669253b318749285ed689d8
aws-samples,2020340293a80afec7e6bda1563db2b6296762a3,2021-06-22 14:30:30,https://github.com/aws-samples/aws-management-and-governance-samples/commit/2020340293a80afec7e6bda1563db2b6296762a3
aws-samples,cc25edd70915abd3722ab57f5adacc8bf5954755,2022-10-18 07:38:29,https://github.com/aws-samples/jp-prototyping-blog/commit/cc25edd70915abd3722ab57f5adacc8bf5954755
aws-samples,5d07adb8de9cab25ce050382319032f3010da3fe,2022-06-28 15:14:16,https://github.com/aws-samples/amazon-codeguru-python-detectors/commit/5d07adb8de9cab25ce050382319032f3010da3fe
aws-samples,66e044327f528fc7ea5a603fe62b81e50d08942b,2022-11-09 23:40:34,https://github.com/aws-samples/amazon-ivs-on-demand-android-demo/commit/66e044327f528fc7ea5a603fe62b81e50d08942b
aws-samples,459df9ed3e4e4e1e46c2f16295e2ea18da9b121f,2023-05-01 22:49:40,https://github.com/aws-samples/aws-codeguru-profiler-python-demo-application/commit/459df9ed3e4e4e1e46c2f16295e2ea18da9b121f
aws-samples,5d3cb2ad1f7959a0a4335067c8c9eb4335d28199,2017-10-16 00:01:16,https://github.com/aws-samples/aws-cognito-java-desktop-app/commit/5d3cb2ad1f7959a0a4335067c8c9eb4335d28199
aws-samples,4484c7e51842263a350e9f328260eba207293c62,2022-03-14 15:50:31,https://github.com/aws-samples/observability-with-amazon-opensearch/commit/4484c7e51842263a350e9f328260eba207293c62
aws-samples,48b8bfc198bdcb6fdb315c981ba174438b9ec186,2024-05-06 19:15:08,https://github.com/aws-samples/eks-multi-cluster-gitops/commit/48b8bfc198bdcb6fdb315c981ba174438b9ec186
aws-samples,1112d5374e2d398cf84ad7eef217c45c212f3777,2022-08-04 10:14:28,https://github.com/aws-samples/observability-with-amazon-opensearch/commit/1112d5374e2d398cf84ad7eef217c45c212f3777
aws-samples,678455e83607b5cf9cff8e848360d8e392ab56a5,2023-06-13 04:58:28,https://github.com/aws-samples/data-engineering-for-aws-immersion-day/commit/678455e83607b5cf9cff8e848360d8e392ab56a5
aws-samples,db8b2946ecad640f78743fd3e1bb0aaf21fa9f16,2023-12-05 17:28:52,https://github.com/aws-samples/edge_diffusion_on_eks/commit/db8b2946ecad640f78743fd3e1bb0aaf21fa9f16
aws-samples,b400c738b19408af1d85d48a5793c3765afa119c,2023-09-20 19:29:03,https://github.com/aws-samples/aws-analytics-genai-llm-workshop/commit/b400c738b19408af1d85d48a5793c3765afa119c
aws-samples,b9fa5d34e369c2452ab590aba23bb985cf6c8838,2022-09-17 15:54:08,https://github.com/aws-samples/observability-with-amazon-opensearch/commit/b9fa5d34e369c2452ab590aba23bb985cf6c8838
aws-samples,6f0d8fa10ba79d521f75254f978b99fdfcbc3db0,2023-06-27 21:52:38,https://github.com/aws-samples/aws-health-events-insight/commit/6f0d8fa10ba79d521f75254f978b99fdfcbc3db0
aws-samples,dffd2e1dab2808c243074414cf0b90233670a753,2019-12-02 13:52:54,https://github.com/aws-samples/amazon-rekognition-custom-labels-demo/commit/dffd2e1dab2808c243074414cf0b90233670a753
aws-samples,183cace2d0a594f891e2e1a283c0d7d3455e04b0,2022-08-11 17:14:48,https://github.com/aws-samples/amazon-codeguru-python-detectors/commit/183cace2d0a594f891e2e1a283c0d7d3455e04b0
aws-samples,97ec7c795d99c0b6043a1584a4ce44f3b8c67fa1,2023-05-12 18:21:12,https://github.com/aws-samples/serverless-java-frameworks-samples/commit/97ec7c795d99c0b6043a1584a4ce44f3b8c67fa1
aws-samples,7da759ae0b7b087f330365764b6a555b1dec0f13,2020-06-18 17:08:36,https://github.com/aws-samples/aws-serverless-workshop-innovator-island/commit/7da759ae0b7b087f330365764b6a555b1dec0f13
aws-samples,a4fa74e2b1b06944e7abff6ed1327649cae2787b,2021-04-08 21:09:20,https://github.com/aws-samples/amazon-rekognition-serverless-large-scale-image-and-video-processing/commit/a4fa74e2b1b06944e7abff6ed1327649cae2787b
aws-samples,327717033817ada13835f38cfb0c5df448be96c3,2022-07-26 16:03:54,https://github.com/aws-samples/pgp-decryption-for-transfer-family/commit/327717033817ada13835f38cfb0c5df448be96c3
aws-samples,63ed7fd2da88b3e0c10af9ff3d87bc47b26cf900,2019-11-30 19:01:20,https://github.com/aws-samples/secure-pipelines-in-aws-workshop/commit/63ed7fd2da88b3e0c10af9ff3d87bc47b26cf900
aws-samples,84a78fcbdead745773da55f2c05bce6cf8c9b700,2020-05-26 16:59:37,https://github.com/aws-samples/amazon-cloudfront-secure-static-site/commit/84a78fcbdead745773da55f2c05bce6cf8c9b700
aws-samples,60ec0f69e1f8927424fd4d887e17bb6ecb1e696d,2021-05-17 01:36:37,https://github.com/aws-samples/edge_diffusion_on_eks/commit/60ec0f69e1f8927424fd4d887e17bb6ecb1e696d
Azure-Samples,92ceaf5869fc24151a5bd499006fbcb4204bf003,2021-07-23 10:20:15,https://github.com/Azure-Samples/active-directory-b2c-dotnet-desktop/commit/92ceaf5869fc24151a5bd499006fbcb4204bf003
Azure-Samples,43909c24a5e8ef82cb955e434f487c5ee12ef0c4,2024-05-22 11:20:52,https://github.com/Azure-Samples/ARGUS/commit/43909c24a5e8ef82cb955e434f487c5ee12ef0c4
Azure-Samples,92dd80862192cd1acccb1f3dbe0bb01a95b82496,2018-03-08 18:35:26,https://github.com/Azure-Samples/eventhub-dotnet-manage-event-hub/commit/92dd80862192cd1acccb1f3dbe0bb01a95b82496
Azure-Samples,0678587b2332db690e78f66ee644519dde29b182,2023-06-05 15:58:49,https://github.com/Azure-Samples/pubsub-dapr-aks-java/commit/0678587b2332db690e78f66ee644519dde29b182
Azure-Samples,2fd73c014b86b0afb32416036a58e0bb7078be45,2021-04-26 17:33:03,https://github.com/Azure-Samples/communication-services-android-calling-hero/commit/2fd73c014b86b0afb32416036a58e0bb7078be45
Azure-Samples,289f31244c4bb5d83d7ce872c8b1dde91643ddec,2018-12-10 11:11:39,https://github.com/Azure-Samples/active-directory-dotnet-native-aspnetcore-v2/commit/289f31244c4bb5d83d7ce872c8b1dde91643ddec
Azure-Samples,edd56bd0a27dabb4d75a65242233084f7dcd7e1f,2024-06-05 14:24:28,https://github.com/Azure-Samples/ApplicationInsights-Java-Samples/commit/edd56bd0a27dabb4d75a65242233084f7dcd7e1f
Azure-Samples,9b1e99423ceede536fc0a85571e340326117045c,2021-11-03 15:23:52,https://github.com/Azure-Samples/ms-identity-docs-code-javascript/commit/9b1e99423ceede536fc0a85571e340326117045c
Azure-Samples,95975f1d50e05f516302b6c7151ae24ff41a8d70,2024-01-09 14:56:48,https://github.com/Azure-Samples/build-your-first-orleans-app-aspnetcore/commit/95975f1d50e05f516302b6c7151ae24ff41a8d70
Azure-Samples,577dd87a5fb849c4bff5e4a2f1558e205757167b,2023-06-20 20:51:40,https://github.com/Azure-Samples/ApplicationInsights-Java-Samples/commit/577dd87a5fb849c4bff5e4a2f1558e205757167b
Azure-Samples,d598f3144ac5278cf9f2fa00631f0b8269a8e395,2023-02-17 21:54:09,https://github.com/Azure-Samples/azure-functions-samples-java/commit/d598f3144ac5278cf9f2fa00631f0b8269a8e395
Azure-Samples,9781ebddabcf9a0aba42387a949365f5668b7d2d,2023-08-25 22:01:28,https://github.com/Azure-Samples/Hybrid-CSharp-Samples/commit/9781ebddabcf9a0aba42387a949365f5668b7d2d
Azure-Samples,4a32c45bc066e2ea1ecbf80e7245f7b401d3bcdf,2021-09-22 19:11:07,https://github.com/Azure-Samples/workshop-migrate-jboss-on-app-service/commit/4a32c45bc066e2ea1ecbf80e7245f7b401d3bcdf
Azure-Samples,75c39c905ae1f226622b7a6e346cc7757b8b2fea,2023-09-13 03:09:02,https://github.com/Azure-Samples/Hybrid-Golang-Samples/commit/75c39c905ae1f226622b7a6e346cc7757b8b2fea
Azure-Samples,2640581fd2610a8c48a55b22e5d711e76aaadc9e,2018-03-08 18:40:58,https://github.com/Azure-Samples/app-service-dotnet-manage-functions-with-custom-domains/commit/2640581fd2610a8c48a55b22e5d711e76aaadc9e
Azure-Samples,5beed01a165b40cbdfe94a53ddee2a18fd6de8ea,2020-11-20 15:22:00,https://github.com/Azure-Samples/digital-twins-docs-code/commit/5beed01a165b40cbdfe94a53ddee2a18fd6de8ea
Azure-Samples,2568e97799f2221e02b0276ab9a8bbbab708c32f,2019-07-27 01:49:12,https://github.com/Azure-Samples/active-directory-b2c-javascript-nodejs-webapi/commit/2568e97799f2221e02b0276ab9a8bbbab708c32f
Azure-Samples,a124ca03667c98fb6b50633815551e1ac0c3b033,2018-10-16 12:52:57,https://github.com/Azure-Samples/active-directory-dotnetcore-console-up-v2/commit/a124ca03667c98fb6b50633815551e1ac0c3b033
Azure-Samples,0fdbd21ae3fb026ed258cc09c6d0c4ab0d0b8b76,2023-09-11 17:02:48,https://github.com/Azure-Samples/ApplicationInsights-Java-Samples/commit/0fdbd21ae3fb026ed258cc09c6d0c4ab0d0b8b76
Azure-Samples,bbb86a14372e446f3467a651cd7892ad1cedd1da,2017-08-30 00:06:23,https://github.com/Azure-Samples/network-dotnet-manage-network-interface/commit/bbb86a14372e446f3467a651cd7892ad1cedd1da
Azure-Samples,494a8941d78d2dd51a90a00c9f5f735585a88241,2022-11-03 23:35:11,https://github.com/Azure-Samples/azure-search-python-samples/commit/494a8941d78d2dd51a90a00c9f5f735585a88241
Azure-Samples,4e22cefa5056cb9334c81a3e019c6907ea6b5bf1,2023-09-21 08:27:19,https://github.com/Azure-Samples/monitor-dotnet-metric-alerts-on-critical-performance/commit/4e22cefa5056cb9334c81a3e019c6907ea6b5bf1
Azure-Samples,674c0e2774b13e1660f813656ea7a3c22cf72a77,2023-06-16 05:54:14,https://github.com/Azure-Samples/communication-services-python-quickstarts/commit/674c0e2774b13e1660f813656ea7a3c22cf72a77
Azure-Samples,603e514c1fa5ad734930985e7174739a55613d5b,2022-12-06 19:24:02,https://github.com/Azure-Samples/communication-services-ui-library-maui/commit/603e514c1fa5ad734930985e7174739a55613d5b
Azure-Samples,be6cb244a8a5a0f343106c88dc23f5ab3d4f1985,2023-08-31 09:19:23,https://github.com/Azure-Samples/Hybrid-Python-Samples/commit/be6cb244a8a5a0f343106c88dc23f5ab3d4f1985
Azure-Samples,114f6f955f24fdf3fab076656914e44b22d08db4,2019-03-13 23:53:51,https://github.com/Azure-Samples/cognitive-services-python-sdk-samples/commit/114f6f955f24fdf3fab076656914e44b22d08db4
Azure-Samples,71a47a519dbc70f1b69b92bb4b6d7005865c3311,2017-04-11 19:08:36,https://github.com/Azure-Samples/app-service-dotnet-configure-deployment-sources-for-web-apps-on-linux/commit/71a47a519dbc70f1b69b92bb4b6d7005865c3311
Azure-Samples,a9dc6b6d5ece2fceb0a7518396b8440ef37ee6ce,2020-01-14 04:52:31,https://github.com/Azure-Samples/dns-dotnet-host-and-manage-your-domains/commit/a9dc6b6d5ece2fceb0a7518396b8440ef37ee6ce
Azure-Samples,cb3caef2bebca46b1144b73cbf1094c4858d3d7f,2019-08-10 10:08:46,https://github.com/Azure-Samples/network-dotnet-manage-ip-address/commit/cb3caef2bebca46b1144b73cbf1094c4858d3d7f
Azure-Samples,453e9ed1a5d7784778c6486473b4def709401f52,2024-05-17 22:48:57,https://github.com/Azure-Samples/quote-of-the-day-dotnet/commit/453e9ed1a5d7784778c6486473b4def709401f52
Azure-Samples,2040ee3bee3e3fe26f8624321765e75efdb49ea3,2024-05-09 20:12:58,https://github.com/Azure-Samples/agent-openai-python-prompty/commit/2040ee3bee3e3fe26f8624321765e75efdb49ea3
Azure-Samples,cde922ba882256691c4a8ed8846d8214dcb64833,2024-08-16 19:14:01,https://github.com/Azure-Samples/azure-search-python-samples/commit/cde922ba882256691c4a8ed8846d8214dcb64833
Azure-Samples,35a124cd61b4538f104d5a9d0212ef4f950a1eb4,2020-10-16 14:05:01,https://github.com/Azure-Samples/ms-identity-node/commit/35a124cd61b4538f104d5a9d0212ef4f950a1eb4
Azure-Samples,64b7e9a98e399f2ecff37c2ae3516b802d87c8a5,2019-08-14 03:07:45,https://github.com/Azure-Samples/app-service-dotnet-manage-storage-connections-for-web-apps-on-linux/commit/64b7e9a98e399f2ecff37c2ae3516b802d87c8a5
Azure-Samples,ee90303a9f62d600e275052ddcaad8e7423f98ad,2024-02-29 16:18:06,https://github.com/Azure-Samples/azure-openai-reverse-proxy/commit/ee90303a9f62d600e275052ddcaad8e7423f98ad
Azure-Samples,eeb08fe4aac1c6451e55c6f1d2f57e0000e32c0f,2024-05-19 12:00:50,https://github.com/Azure-Samples/agent-openai-python-prompty/commit/eeb08fe4aac1c6451e55c6f1d2f57e0000e32c0f
Azure-Samples,1208a0b17a7d8702f61ceb78897ad8542315971f,2019-07-16 01:29:43,https://github.com/Azure-Samples/azure-search-java-samples/commit/1208a0b17a7d8702f61ceb78897ad8542315971f
Azure-Samples,ef9f8bda8b703dd472ebb13c8758eee66a4f2b3e,2023-03-03 13:45:42,https://github.com/Azure-Samples/ms-identity-docs-code-javascript/commit/ef9f8bda8b703dd472ebb13c8758eee66a4f2b3e
Azure-Samples,b5206da1621cd4a0229a3583ab6836021c431844,2023-05-30 19:45:55,https://github.com/Azure-Samples/app-service-dotnet-configure-deployment-sources-for-web-apps/commit/b5206da1621cd4a0229a3583ab6836021c431844
Azure-Samples,b6ab9a98327cde475c46d7eb08fddc6d88d41f2f,2019-04-11 11:21:48,https://github.com/Azure-Samples/active-directory-b2c-dotnet-desktop/commit/b6ab9a98327cde475c46d7eb08fddc6d88d41f2f
Azure-Samples,91aa2ccbdb4ba65e33f9b02b3d0234d53dea8c47,2021-11-05 17:02:45,https://github.com/Azure-Samples/api-management-schema-import/commit/91aa2ccbdb4ba65e33f9b02b3d0234d53dea8c47
Azure-Samples,147ae2a41a1914a33a0bdeba5caef63bf2984b59,2019-08-10 10:04:00,https://github.com/Azure-Samples/app-service-dotnet-manage-data-connections-for-web-apps/commit/147ae2a41a1914a33a0bdeba5caef63bf2984b59
Azure-Samples,3d02ba41cd1036a42cb384971ba223d9fdfc9bad,2021-07-08 15:55:11,https://github.com/Azure-Samples/ms-identity-aspnet-daemon-webapp/commit/3d02ba41cd1036a42cb384971ba223d9fdfc9bad
Azure-Samples,d4100ce64cde54677df35b9d9da1b461ff5d0324,2023-05-17 10:27:22,https://github.com/Azure-Samples/ms-identity-docs-code-python/commit/d4100ce64cde54677df35b9d9da1b461ff5d0324
Azure-Samples,3da3e5224790690017302a296a5a4fe71c0da00b,2022-01-26 01:19:48,https://github.com/Azure-Samples/workshop-migrate-jboss-on-app-service/commit/3da3e5224790690017302a296a5a4fe71c0da00b
Azure-Samples,f57fcabf3e4a321523e0591484ff67e7ce02d2e1,2021-02-18 01:18:20,https://github.com/Azure-Samples/MLOpsManufacturing/commit/f57fcabf3e4a321523e0591484ff67e7ce02d2e1
Azure-Samples,d82349e6c44f75ad9db814f4781d5a551d00eab0,2023-02-23 15:20:21,https://github.com/Azure-Samples/ms-identity-docs-code-dotnet/commit/d82349e6c44f75ad9db814f4781d5a551d00eab0
Azure-Samples,f4090ab2660c66d95fea0c4052810c75c4ab01db,2023-09-06 08:58:15,https://github.com/Azure-Samples/app-service-dotnet-manage-authentication-for-web-apps/commit/f4090ab2660c66d95fea0c4052810c75c4ab01db
Azure-Samples,92e3f50ad57fef8208e5d3d7a3968edb894373d2,2024-04-14 13:39:59,https://github.com/Azure-Samples/ApplicationInsights-Java-Samples/commit/92e3f50ad57fef8208e5d3d7a3968edb894373d2
Azure-Samples,edb85d3c3abb715427493aa72a20f70575290fbf,2019-09-23 23:16:07,https://github.com/Azure-Samples/acr-tasks/commit/edb85d3c3abb715427493aa72a20f70575290fbf
Azure-Samples,f57cbcf2d3092327c23e794bcff0af7716a84d42,2019-10-16 20:39:02,https://github.com/Azure-Samples/active-directory-dotnet-native-aspnetcore-v2/commit/f57cbcf2d3092327c23e794bcff0af7716a84d42
Azure-Samples,840e57fff228421d33bff7dc9ccf9d1b92cdbe80,2021-12-08 23:27:03,https://github.com/Azure-Samples/azure-sql-db-fullstack-serverless-kickstart/commit/840e57fff228421d33bff7dc9ccf9d1b92cdbe80
Azure-Samples,73be60603fb20d9cb4accc71bdd68d4d6ef35ef9,2018-09-18 15:38:12,https://github.com/Azure-Samples/acr-tasks/commit/73be60603fb20d9cb4accc71bdd68d4d6ef35ef9
Azure-Samples,aea89b9a6447b4d46a38307c6aaccd5e69da7a7c,2019-08-15 14:01:26,https://github.com/Azure-Samples/app-service-dotnet-access-key-vault-by-msi-for-web-apps/commit/aea89b9a6447b4d46a38307c6aaccd5e69da7a7c
Azure-Samples,3cafd1b36af7626744fbcf4cc5d4711dd94c7ad6,2018-10-16 12:52:58,https://github.com/Azure-Samples/active-directory-dotnetcore-console-up-v2/commit/3cafd1b36af7626744fbcf4cc5d4711dd94c7ad6
Azure-Samples,20f159ea4c7ff56dfb6112618c7c1da2b359f84e,2023-03-02 22:55:26,https://github.com/Azure-Samples/js-e2e-web-app-easy-auth-app-to-app/commit/20f159ea4c7ff56dfb6112618c7c1da2b359f84e
Azure-Samples,7eaa675878c266182ab3c926aebf32f0db618eed,2021-12-27 01:32:07,https://github.com/Azure-Samples/open-liberty-on-aks/commit/7eaa675878c266182ab3c926aebf32f0db618eed
Azure-Samples,7ba390e4e62809d8f2849af37f1de6dcfa51501b,2023-11-01 20:12:28,https://github.com/Azure-Samples/communication-services-python-quickstarts/commit/7ba390e4e62809d8f2849af37f1de6dcfa51501b
Azure-Samples,9b487395c0fc4e5580c90ba62a80b0776142d281,2021-01-15 09:48:13,https://github.com/Azure-Samples/managed-disk-dotnet-create-virtual-machine-using-custom-image/commit/9b487395c0fc4e5580c90ba62a80b0776142d281
Azure-Samples,c20fa7ad8eaa1eb26d7a99703de9b200404ba9e1,2023-05-05 03:44:48,https://github.com/Azure-Samples/podcast-synopsis-generation-openai/commit/c20fa7ad8eaa1eb26d7a99703de9b200404ba9e1
Azure-Samples,58512530893c45c835989a6655f5ab804ee9e2db,2022-08-02 22:23:18,https://github.com/Azure-Samples/azure-sql-db-who-am-i/commit/58512530893c45c835989a6655f5ab804ee9e2db
Azure-Samples,8783b93cf279837468e0604bee2050b941b66c24,2022-02-18 17:18:04,https://github.com/Azure-Samples/flask-app-on-azure-functions/commit/8783b93cf279837468e0604bee2050b941b66c24
Azure-Samples,19b1055597e17aaac12b98b13c00b83ec81f8165,2022-09-02 21:54:50,https://github.com/Azure-Samples/azure-sql-db-fullstack-serverless-kickstart/commit/19b1055597e17aaac12b98b13c00b83ec81f8165
Azure-Samples,1f93a73b367616791b5721d090ecfef94f954acf,2021-03-23 11:20:45,https://github.com/Azure-Samples/active-directory-dotnet-native-aspnetcore-v2/commit/1f93a73b367616791b5721d090ecfef94f954acf
Azure-Samples,2d777d04bd3a63d301ded9a284b367a08a93c740,2018-09-18 01:10:32,https://github.com/Azure-Samples/ms-identity-aspnet-daemon-webapp/commit/2d777d04bd3a63d301ded9a284b367a08a93c740
Azure-Samples,2aefaf4236356d9165bdad17c87e9512f1ddc96d,2023-11-30 17:38:11,https://github.com/Azure-Samples/communication-services-python-quickstarts/commit/2aefaf4236356d9165bdad17c87e9512f1ddc96d
Azure-Samples,a99fc734b55e80410a1dc2f7894a928ee585dee4,2023-09-11 13:42:32,https://github.com/Azure-Samples/ms-identity-docs-code-javascript/commit/a99fc734b55e80410a1dc2f7894a928ee585dee4
Azure-Samples,782b62ee742d03575bf6a2a6cd833060ce47b06f,2019-06-10 16:49:38,https://github.com/Azure-Samples/azure-search-python-samples/commit/782b62ee742d03575bf6a2a6cd833060ce47b06f
Azure-Samples,d16454e7cede7ce0eec0f87bca58bf64ca0ed0b5,2019-09-04 03:40:34,https://github.com/Azure-Samples/cognitive-services-python-sdk-samples/commit/d16454e7cede7ce0eec0f87bca58bf64ca0ed0b5
Azure-Samples,81f27b3b3d60fea3fc72da211b635745803bc64f,2021-01-26 14:21:46,https://github.com/Azure-Samples/digital-twins-docs-code/commit/81f27b3b3d60fea3fc72da211b635745803bc64f
Azure-Samples,8d6ee9e051074b95791d02241fd5c8dad4d74123,2023-10-23 12:57:44,https://github.com/Azure-Samples/azure-load-testing-samples/commit/8d6ee9e051074b95791d02241fd5c8dad4d74123
Azure-Samples,d2047008aae76b8b4ed181b692a275f98ba80d91,2019-08-10 09:59:31,https://github.com/Azure-Samples/managed-disk-dotnet-create-virtual-machine-using-custom-image-from-VHD/commit/d2047008aae76b8b4ed181b692a275f98ba80d91
Azure-Samples,d85cb8dd4a721aae8e1bcde575f60c8a398a58dd,2021-09-08 20:31:15,https://github.com/Azure-Samples/workshop-migrate-jboss-on-app-service/commit/d85cb8dd4a721aae8e1bcde575f60c8a398a58dd
Azure-Samples,e23b186027e3d3ada0b18a8501cd27dc1cc93421,2018-03-08 18:33:02,https://github.com/Azure-Samples/managed-disk-dotnet-create-virtual-machine-using-custom-image/commit/e23b186027e3d3ada0b18a8501cd27dc1cc93421
Azure-Samples,39e29312285909df267d9b7a6ee95b035e2046be,2024-04-12 12:15:48,https://github.com/Azure-Samples/java-native-telemetry/commit/39e29312285909df267d9b7a6ee95b035e2046be
Azure-Samples,5fb5c73d6b13a84b4b8a19fedbc9488765e61b33,2018-04-20 17:02:57,https://github.com/Azure-Samples/search-dotnet-getting-started/commit/5fb5c73d6b13a84b4b8a19fedbc9488765e61b33
googlesamples,149982f68a5bf0970dc177b660f2e7a25bf167d6,2024-05-18 09:19:52,https://github.com/googlesamples/android-custom-lint-rules/commit/149982f68a5bf0970dc177b660f2e7a25bf167d6
googlesamples,0b46251413fb28d02c6c020e0d91b6b271af883e,2024-08-30 21:49:52,https://github.com/googlesamples/android-custom-lint-rules/commit/0b46251413fb28d02c6c020e0d91b6b271af883e
googlesamples,caca38d2631778ad38101db1974de37c0b1eb67c,2024-07-18 21:01:28,https://github.com/googlesamples/android-custom-lint-rules/commit/caca38d2631778ad38101db1974de37c0b1eb67c
googlesamples,9e7779e16afbc52670133b1e11a385310a1e0269,2024-01-26 00:16:56,https://github.com/googlesamples/android-custom-lint-rules/commit/9e7779e16afbc52670133b1e11a385310a1e0269
googlesamples,ed5fc41bf6f040e56c4b4c729c9e575f89c2b3ff,2023-10-31 17:56:46,https://github.com/googlesamples/android-custom-lint-rules/commit/ed5fc41bf6f040e56c4b4c729c9e575f89c2b3ff
googlesamples,3c4e7af79cbe914f7ee2b4afba02261a25657fff,2023-06-26 23:26:24,https://github.com/googlesamples/android-custom-lint-rules/commit/3c4e7af79cbe914f7ee2b4afba02261a25657fff
googlesamples,fe868d86d572474392c7570271ecbe22e4f975a6,2023-06-06 16:45:53,https://github.com/googlesamples/android-custom-lint-rules/commit/fe868d86d572474392c7570271ecbe22e4f975a6
googlesamples,3466f52d5bdf7d4f24b722796b1dc7a8cb0733f3,2022-05-08 16:53:55,https://github.com/googlesamples/android-custom-lint-rules/commit/3466f52d5bdf7d4f24b722796b1dc7a8cb0733f3
googlesamples,5103c9162fe953e30b10d9c572b3a710898a372c,2021-11-15 18:24:37,https://github.com/googlesamples/android-custom-lint-rules/commit/5103c9162fe953e30b10d9c572b3a710898a372c
googlesamples,1d0569d8bf1acd58f8736fc7e4b7a6f36499d7b1,2022-08-08 18:21:27,https://github.com/googlesamples/android-custom-lint-rules/commit/1d0569d8bf1acd58f8736fc7e4b7a6f36499d7b1
googlesamples,a184950c3007385d42acf43e43ac5d13fc2ccda1,2021-09-09 17:49:44,https://github.com/googlesamples/android-custom-lint-rules/commit/a184950c3007385d42acf43e43ac5d13fc2ccda1
googlesamples,1a6c4051da046c182a77efa664a51064ec1e6de7,2021-05-25 01:59:04,https://github.com/googlesamples/android-custom-lint-rules/commit/1a6c4051da046c182a77efa664a51064ec1e6de7
googlesamples,d2aa658dd0efc3d6cd90590f2f9d6262905bf848,2021-03-30 18:27:49,https://github.com/googlesamples/android-custom-lint-rules/commit/d2aa658dd0efc3d6cd90590f2f9d6262905bf848
googlesamples,c4819bd6365cc9990907a3e922c73efee10c544a,2021-02-26 18:07:28,https://github.com/googlesamples/android-custom-lint-rules/commit/c4819bd6365cc9990907a3e922c73efee10c544a
googlesamples,1f405fbe94bc58e0ab419f59650bb42b2ff7d277,2020-01-31 20:41:34,https://github.com/googlesamples/android-custom-lint-rules/commit/1f405fbe94bc58e0ab419f59650bb42b2ff7d277
googlesamples,439605d4b10afa87cb58ba500d4c4b9a219770bf,2017-09-12 21:44:52,https://github.com/googlesamples/android-custom-lint-rules/commit/439605d4b10afa87cb58ba500d4c4b9a219770bf
googlesamples,1355b0ce8d07f07281363468b7c0f459ec5a9b5b,2017-08-28 21:02:41,https://github.com/googlesamples/android-custom-lint-rules/commit/1355b0ce8d07f07281363468b7c0f459ec5a9b5b
googlesamples,57511bda39b6cb62d19185a216b480eb85d7b061,2017-03-09 05:19:44,https://github.com/googlesamples/android-custom-lint-rules/commit/57511bda39b6cb62d19185a216b480eb85d7b061
googlesamples,560a5dee42135b533095c54e07367ff367b11967,2024-07-02 17:29:23,https://github.com/googlesamples/android-custom-lint-rules/commit/560a5dee42135b533095c54e07367ff367b11967
googlesamples,f0946d843668b84acec7280671fe872fbee59f87,2019-03-23 03:17:57,https://github.com/googlesamples/android-custom-lint-rules/commit/f0946d843668b84acec7280671fe872fbee59f87
googlesamples,07b0ddc1f429c9729ef3b401e826bec5757c84e2,2021-03-20 17:29:26,https://github.com/googlesamples/android-custom-lint-rules/commit/07b0ddc1f429c9729ef3b401e826bec5757c84e2
googlesamples,a1cddca9352e4659811ad8aa216d39cd5d246973,2022-02-16 01:44:37,https://github.com/googlesamples/android-custom-lint-rules/commit/a1cddca9352e4659811ad8aa216d39cd5d246973
googlesamples,a66852dc37bceaa2236cc07330594f0d7147f585,2017-01-06 06:14:35,https://github.com/googlesamples/android-custom-lint-rules/commit/a66852dc37bceaa2236cc07330594f0d7147f585
googlesamples,ffb03ef6763f17e061c2328dc4c4a20a9ec33341,2022-01-21 01:37:33,https://github.com/googlesamples/android-custom-lint-rules/commit/ffb03ef6763f17e061c2328dc4c4a20a9ec33341
googlesamples,7c5ca62dfc97b2308d65bba3def26e9729232396,2021-07-13 16:20:00,https://github.com/googlesamples/android-custom-lint-rules/commit/7c5ca62dfc97b2308d65bba3def26e9729232396
googlesamples,0726800ab94be119cb53253f21b91b01216372e0,2021-06-07 20:27:57,https://github.com/googlesamples/android-custom-lint-rules/commit/0726800ab94be119cb53253f21b91b01216372e0
googlesamples,9f855da4801e58ed6f78476e37b8318c5e15ea91,2015-07-27 23:36:09,https://github.com/googlesamples/android-custom-lint-rules/commit/9f855da4801e58ed6f78476e37b8318c5e15ea91
googlesamples,28249b0a3f6eb793273897726146fdd2a98d544f,2015-07-09 10:00:28,https://github.com/googlesamples/android-custom-lint-rules/commit/28249b0a3f6eb793273897726146fdd2a98d544f
googlesamples,e91ef15d03a235783243e570888e04f048731697,2021-05-25 17:34:19,https://github.com/googlesamples/android-custom-lint-rules/commit/e91ef15d03a235783243e570888e04f048731697
googlesamples,7730fe924c036ef76fa9f6fc23562ffdf9a04e87,2024-07-03 17:43:30,https://github.com/googlesamples/android-custom-lint-rules/commit/7730fe924c036ef76fa9f6fc23562ffdf9a04e87
googlesamples,bbf73064a795fd520ed2f42134100fd6d0285198,2024-06-02 02:40:26,https://github.com/googlesamples/android-custom-lint-rules/commit/bbf73064a795fd520ed2f42134100fd6d0285198
googlesamples,01703ae072844b864ec1fa21acd3b1b91ad6bd9a,2024-01-26 00:02:03,https://github.com/googlesamples/android-custom-lint-rules/commit/01703ae072844b864ec1fa21acd3b1b91ad6bd9a
googlesamples,40cc6766a632215c4b453c9b3a203b89d9ece231,2024-05-18 09:46:09,https://github.com/googlesamples/android-custom-lint-rules/commit/40cc6766a632215c4b453c9b3a203b89d9ece231
googlesamples,a3571680a545d0ffdd8104855afad066b84cc2c7,2023-06-26 23:14:42,https://github.com/googlesamples/android-custom-lint-rules/commit/a3571680a545d0ffdd8104855afad066b84cc2c7
googlesamples,6b9ba23e6205f5c6e2f6b51850a83db481bc68a9,2023-06-06 17:36:11,https://github.com/googlesamples/android-custom-lint-rules/commit/6b9ba23e6205f5c6e2f6b51850a83db481bc68a9
googlesamples,ed91e68988146af0ea6a83a71c722ad4891df4b7,2022-06-29 15:29:36,https://github.com/googlesamples/android-custom-lint-rules/commit/ed91e68988146af0ea6a83a71c722ad4891df4b7
googlesamples,dc6ad0c70e6d1bdf7a8b35379ca37f372b28e5a8,2022-05-25 22:06:34,https://github.com/googlesamples/android-custom-lint-rules/commit/dc6ad0c70e6d1bdf7a8b35379ca37f372b28e5a8
googlesamples,19b49b544ebfc15cd1603e52ae8a15f8572f49ff,2022-05-25 21:56:10,https://github.com/googlesamples/android-custom-lint-rules/commit/19b49b544ebfc15cd1603e52ae8a15f8572f49ff
googlesamples,d63e0e83d43a6232b341d48e0808bdcef91388de,2022-01-27 21:06:44,https://github.com/googlesamples/android-custom-lint-rules/commit/d63e0e83d43a6232b341d48e0808bdcef91388de
googlesamples,f3c96a654b5153a2e81aada813cde7619cfc38ab,2022-01-20 15:41:06,https://github.com/googlesamples/android-custom-lint-rules/commit/f3c96a654b5153a2e81aada813cde7619cfc38ab
googlesamples,4ff2f4d91773fb56c136b2b0b581cc4c0e39e72e,2021-11-30 15:36:27,https://github.com/googlesamples/android-custom-lint-rules/commit/4ff2f4d91773fb56c136b2b0b581cc4c0e39e72e
googlesamples,ac3858ff1108c6073fbb18c82c98efe48f04b269,2021-11-14 16:23:51,https://github.com/googlesamples/android-custom-lint-rules/commit/ac3858ff1108c6073fbb18c82c98efe48f04b269
googlesamples,bfbb7873cfbdb1e1a6d658f535fd4c888a1e1d0b,2021-11-13 20:36:08,https://github.com/googlesamples/android-custom-lint-rules/commit/bfbb7873cfbdb1e1a6d658f535fd4c888a1e1d0b
googlesamples,d7791b5ce42c83a43fc5aef74ddd5e6300ced058,2021-06-07 19:26:41,https://github.com/googlesamples/android-custom-lint-rules/commit/d7791b5ce42c83a43fc5aef74ddd5e6300ced058
googlesamples,09238b3dc8822c8550bd4f012ef3fcd9247c2e48,2021-03-20 17:24:44,https://github.com/googlesamples/android-custom-lint-rules/commit/09238b3dc8822c8550bd4f012ef3fcd9247c2e48
googlesamples,895b05c23800ed60761449f2007c328526285b49,2021-09-29 17:22:34,https://github.com/googlesamples/android-custom-lint-rules/commit/895b05c23800ed60761449f2007c328526285b49
googlesamples,d2c444c271cc5f5d4fb04db84bbd579213d64e12,2021-05-27 02:54:41,https://github.com/googlesamples/android-custom-lint-rules/commit/d2c444c271cc5f5d4fb04db84bbd579213d64e12
googlesamples,758efe2c2874252c2d8a6b2781a14d4f66d72d95,2021-07-31 14:07:49,https://github.com/googlesamples/android-custom-lint-rules/commit/758efe2c2874252c2d8a6b2781a14d4f66d72d95
googlesamples,577f159a202b91b48c59edfbc27295a39750d9b7,2021-03-20 16:47:44,https://github.com/googlesamples/android-custom-lint-rules/commit/577f159a202b91b48c59edfbc27295a39750d9b7
googlesamples,691bb4e0cd237096a00cd7394da83a46d91827ec,2021-05-25 18:50:11,https://github.com/googlesamples/android-custom-lint-rules/commit/691bb4e0cd237096a00cd7394da83a46d91827ec
googlesamples,b27bfc3fea1ecee97d2a0f6293483aff49435650,2021-05-24 15:18:51,https://github.com/googlesamples/android-custom-lint-rules/commit/b27bfc3fea1ecee97d2a0f6293483aff49435650
googlesamples,009beab498d133b7c31702e98c445414fe4b9968,2021-05-24 14:47:21,https://github.com/googlesamples/android-custom-lint-rules/commit/009beab498d133b7c31702e98c445414fe4b9968
googlesamples,5e5e6e8fa25c4f003d9b66bc9de92e7a0517bc88,2021-03-24 16:13:41,https://github.com/googlesamples/android-custom-lint-rules/commit/5e5e6e8fa25c4f003d9b66bc9de92e7a0517bc88
googlesamples,6b104301b3bec03c798376bc2d2cd1f0a3b7e8f2,2021-03-20 17:30:23,https://github.com/googlesamples/android-custom-lint-rules/commit/6b104301b3bec03c798376bc2d2cd1f0a3b7e8f2
googlesamples,31f7db9f51a98874847e803097a994dfa080e4fe,2021-03-16 00:27:22,https://github.com/googlesamples/android-custom-lint-rules/commit/31f7db9f51a98874847e803097a994dfa080e4fe
googlesamples,dc9cb3f804268fa67a5c3446148f7f8528def2e2,2020-03-10 21:51:08,https://github.com/googlesamples/android-custom-lint-rules/commit/dc9cb3f804268fa67a5c3446148f7f8528def2e2
googlesamples,eb815a7e54e83d90879806b6c1a591ef24431083,2020-01-31 20:21:36,https://github.com/googlesamples/android-custom-lint-rules/commit/eb815a7e54e83d90879806b6c1a591ef24431083
googlesamples,c228c0f3825abb1452049d0ab3e6cad2c80f7ad7,2019-11-24 16:04:31,https://github.com/googlesamples/android-custom-lint-rules/commit/c228c0f3825abb1452049d0ab3e6cad2c80f7ad7
googlesamples,d5894cdefc64db4c4919edfb2d60d469906e089f,2018-09-14 18:16:36,https://github.com/googlesamples/android-custom-lint-rules/commit/d5894cdefc64db4c4919edfb2d60d469906e089f
googlesamples,108c7244b03d4a665b9284ace87e8f8059455e60,2017-10-16 21:07:27,https://github.com/googlesamples/android-custom-lint-rules/commit/108c7244b03d4a665b9284ace87e8f8059455e60
googlesamples,499d2b30a38f85c6679786dc6804cf001074b564,2015-08-25 19:55:37,https://github.com/googlesamples/android-custom-lint-rules/commit/499d2b30a38f85c6679786dc6804cf001074b564
googlesamples,dccc9c5d19d13ef13620485e0378e63d4aad942b,2015-09-01 23:26:13,https://github.com/googlesamples/android-custom-lint-rules/commit/dccc9c5d19d13ef13620485e0378e63d4aad942b
googlesamples,1059845bc8e44877f01bae354c7b89a4563f9961,2015-08-27 21:28:50,https://github.com/googlesamples/android-custom-lint-rules/commit/1059845bc8e44877f01bae354c7b89a4563f9961
googlesamples,bfcb1f2f01460e2cb3a3aa5f1f36fa3d52eff069,2015-08-27 20:43:36,https://github.com/googlesamples/android-custom-lint-rules/commit/bfcb1f2f01460e2cb3a3aa5f1f36fa3d52eff069
googlesamples,09b1df9b6b8d8ebac6ea446494959bee9b7a47b3,2015-08-21 18:10:36,https://github.com/googlesamples/android-custom-lint-rules/commit/09b1df9b6b8d8ebac6ea446494959bee9b7a47b3
googlesamples,73514e404599be8b2e797f58a4f37641200fed89,2015-08-07 20:31:32,https://github.com/googlesamples/android-custom-lint-rules/commit/73514e404599be8b2e797f58a4f37641200fed89
googlesamples,4046b748b7e6c85958fa9e2eec580722ca502e0c,2015-08-06 17:21:30,https://github.com/googlesamples/android-custom-lint-rules/commit/4046b748b7e6c85958fa9e2eec580722ca502e0c
spring-cloud-samples,8dd032b9ef036c8510d308a2e9b3fffa75995c5a,2019-07-03 22:23:37,https://github.com/spring-cloud-samples/the-legacy-app/commit/8dd032b9ef036c8510d308a2e9b3fffa75995c5a
spring-cloud-samples,d41cb274342f3634e837d763ca60d0252ad22d95,2018-12-20 09:49:44,https://github.com/spring-cloud-samples/sleuth-documentation-apps/commit/d41cb274342f3634e837d763ca60d0252ad22d95
spring-cloud-samples,ce21e914c25da91547b1f1e7b6b17ebbf0fcce96,2020-11-06 14:47:51,https://github.com/spring-cloud-samples/sleuth-documentation-apps/commit/ce21e914c25da91547b1f1e7b6b17ebbf0fcce96
spring-cloud-samples,72c071614820c36a189ed742e20c9706db434ccc,2019-03-12 03:06:10,https://github.com/spring-cloud-samples/sleuth-issues/commit/72c071614820c36a189ed742e20c9706db434ccc
spring-cloud-samples,9d6644f44b3c3c28326e78cd6314a45c29bc2e79,2016-08-19 10:37:01,https://github.com/spring-cloud-samples/sleuth-documentation-apps/commit/9d6644f44b3c3c28326e78cd6314a45c29bc2e79
spring-cloud-samples,307a36f28ef8bab6dc71d0bd4b65bc04e208499c,2021-10-07 09:14:39,https://github.com/spring-cloud-samples/sleuth-issues/commit/307a36f28ef8bab6dc71d0bd4b65bc04e208499c
spring-cloud-samples,83c3aeea867d5af8a2e2d2432df6d4330e42819a,2017-07-09 18:26:42,https://github.com/spring-cloud-samples/sc-contract-car-rental/commit/83c3aeea867d5af8a2e2d2432df6d4330e42819a
spring-cloud-samples,a100375bb318164691f7352bab7a63c48918be2b,2019-05-22 15:42:16,https://github.com/spring-cloud-samples/sleuth-issues/commit/a100375bb318164691f7352bab7a63c48918be2b
spring-cloud-samples,f7d6b7fed54499e8f43723bf0ce597d1950ccada,2018-04-19 11:09:24,https://github.com/spring-cloud-samples/sc-contract-car-rental/commit/f7d6b7fed54499e8f43723bf0ce597d1950ccada
spring-cloud-samples,9230c5b3cd93a463a804b68354afd008a79d8d1f,2016-05-06 09:52:49,https://github.com/spring-cloud-samples/sleuth-documentation-apps/commit/9230c5b3cd93a463a804b68354afd008a79d8d1f
spring-cloud-samples,b444b4c98479bac14aff91c9b231fd7203f1ebe2,2017-12-28 11:34:33,https://github.com/spring-cloud-samples/sleuth-documentation-apps/commit/b444b4c98479bac14aff91c9b231fd7203f1ebe2
spring-cloud-samples,b5c6dfb0e4d3526251dac1eb98da03f1491a77f8,2021-03-09 07:53:06,https://github.com/spring-cloud-samples/sleuth-documentation-apps/commit/b5c6dfb0e4d3526251dac1eb98da03f1491a77f8
spring-cloud-samples,62c2b72c9c4c8e39e3b48c41203d2feed12bd7fa,2019-09-25 06:56:17,https://github.com/spring-cloud-samples/sleuth-documentation-apps/commit/62c2b72c9c4c8e39e3b48c41203d2feed12bd7fa
spring-cloud-samples,b68b36d5ed05fd161bc9ff0b696d902aa595dcf4,2021-04-28 06:33:03,https://github.com/spring-cloud-samples/sleuth-issues/commit/b68b36d5ed05fd161bc9ff0b696d902aa595dcf4
spring-cloud-samples,c64b3e178c4cc815861cd529aaf249de0a3a8d7d,2018-09-10 12:49:30,https://github.com/spring-cloud-samples/sleuth-documentation-apps/commit/c64b3e178c4cc815861cd529aaf249de0a3a8d7d
spring-cloud-samples,897df57288a2102265ff8b67f5a6f6e8e078e0ec,2017-01-18 14:56:16,https://github.com/spring-cloud-samples/sleuth-documentation-apps/commit/897df57288a2102265ff8b67f5a6f6e8e078e0ec
spring-cloud-samples,bbbbe180bae71c84aac965f6779c3f0cbdb72347,2021-06-22 11:08:26,https://github.com/spring-cloud-samples/sleuth-documentation-apps/commit/bbbbe180bae71c84aac965f6779c3f0cbdb72347
spring-cloud-samples,5211f5cdb81b78d7f31c759e12738d4ab65fe762,2020-07-21 08:37:09,https://github.com/spring-cloud-samples/sleuth-documentation-apps/commit/5211f5cdb81b78d7f31c759e12738d4ab65fe762
spring-cloud-samples,8c15c3c7193eb163b8b90695f7d5e16ad1570605,2019-11-04 19:37:14,https://github.com/spring-cloud-samples/feign-eureka/commit/8c15c3c7193eb163b8b90695f7d5e16ad1570605
spring-cloud-samples,bc6affe43a828f7b2d61d840a4dc0cd19c7419e8,2022-04-19 06:33:58,https://github.com/spring-cloud-samples/sleuth-issues/commit/bc6affe43a828f7b2d61d840a4dc0cd19c7419e8
spring-cloud-samples,18b05766d3ca34ef3087af9532af36229aefd11b,2021-02-17 08:49:13,https://github.com/spring-cloud-samples/sleuth-documentation-apps/commit/18b05766d3ca34ef3087af9532af36229aefd11b
spring-cloud-samples,c2e45cedb3b445a43500e3a6e91702e3bf4cdc89,2021-01-15 06:44:56,https://github.com/spring-cloud-samples/sleuth-issues/commit/c2e45cedb3b445a43500e3a6e91702e3bf4cdc89
spring-cloud-samples,ad8b338cb704bd72ddca284842f1821aca7c6777,2020-02-13 09:14:29,https://github.com/spring-cloud-samples/sleuth-issues/commit/ad8b338cb704bd72ddca284842f1821aca7c6777
spring-cloud-samples,d502b9ce0d2cc273d254bb07b4bdfc2668c8e646,2016-10-19 09:18:33,https://github.com/spring-cloud-samples/sleuth-documentation-apps/commit/d502b9ce0d2cc273d254bb07b4bdfc2668c8e646
spring-cloud-samples,9d9bd408be44d0cb55ce78fc7c002347db714a3e,2019-11-25 18:56:49,https://github.com/spring-cloud-samples/sleuth-documentation-apps/commit/9d9bd408be44d0cb55ce78fc7c002347db714a3e
spring-cloud-samples,99fadc49186cbf3c4a293838e3768e4b0990928e,2019-10-24 22:09:51,https://github.com/spring-cloud-samples/sc-contract-car-rental/commit/99fadc49186cbf3c4a293838e3768e4b0990928e
spring-cloud-samples,8a9eae09b712f34f12bba7680baa8805dc9c7fed,2017-12-01 12:33:08,https://github.com/spring-cloud-samples/the-legacy-app/commit/8a9eae09b712f34f12bba7680baa8805dc9c7fed
spring-cloud-samples,ecb9da8847bb6c3e666794de2d019092f50e88fe,2018-04-24 10:10:13,https://github.com/spring-cloud-samples/sleuth-documentation-apps/commit/ecb9da8847bb6c3e666794de2d019092f50e88fe
spring-cloud-samples,f137dda4cafc0e5ef02acb5840053b14385df057,2022-09-19 06:51:29,https://github.com/spring-cloud-samples/sleuth-documentation-apps/commit/f137dda4cafc0e5ef02acb5840053b14385df057
spring-cloud-samples,948027c73ce53c5e6ed2e8cf458355569de52b44,2022-01-21 21:45:01,https://github.com/spring-cloud-samples/sleuth-issues/commit/948027c73ce53c5e6ed2e8cf458355569de52b44
spring-cloud-samples,071058d6b3f27bb0296751d585f2baebf1dbd3ec,2021-02-17 10:52:12,https://github.com/spring-cloud-samples/sleuth-documentation-apps/commit/071058d6b3f27bb0296751d585f2baebf1dbd3ec
spring-cloud-samples,2dee9966c49e9724ff9ec0028fc75a71c60650d6,2023-03-05 07:12:49,https://github.com/spring-cloud-samples/sleuth-issues/commit/2dee9966c49e9724ff9ec0028fc75a71c60650d6
spring-cloud-samples,4fd8621e24b41ca95ec380473f4a13e34779a71e,2018-09-10 14:20:50,https://github.com/spring-cloud-samples/the-legacy-app/commit/4fd8621e24b41ca95ec380473f4a13e34779a71e
spring-cloud-samples,78f6ccc0497a7255c8d07959c172b5c692b3a951,2018-10-31 10:42:55,https://github.com/spring-cloud-samples/the-legacy-app/commit/78f6ccc0497a7255c8d07959c172b5c692b3a951
spring-cloud-samples,39fe9ab43201cfbe402046c03c27c0e5bddf1ee8,2021-01-11 11:02:17,https://github.com/spring-cloud-samples/sleuth-issues/commit/39fe9ab43201cfbe402046c03c27c0e5bddf1ee8
spring-cloud-samples,cdd7262f10ab6e21bf4188abba7b55e71f4687e3,2018-10-08 15:57:15,https://github.com/spring-cloud-samples/sc-contract-car-rental/commit/cdd7262f10ab6e21bf4188abba7b55e71f4687e3
spring-cloud-samples,84131a944b946bc17a557888191b8726aa1e26d1,2022-02-17 19:37:15,https://github.com/spring-cloud-samples/the-legacy-app/commit/84131a944b946bc17a557888191b8726aa1e26d1
spring-cloud-samples,dac0637ad08069225a43eec4e77b8d945dda1422,2021-05-28 12:02:15,https://github.com/spring-cloud-samples/sc-contract-car-rental/commit/dac0637ad08069225a43eec4e77b8d945dda1422
spring-cloud-samples,b847ae6c73dc9f39031832b02a64d213bcafc0e3,2016-05-30 13:30:26,https://github.com/spring-cloud-samples/sleuth-documentation-apps/commit/b847ae6c73dc9f39031832b02a64d213bcafc0e3
spring-cloud-samples,4a78391dc08a9a9addbee2decc25a38caf0c4d6c,2022-10-10 06:48:36,https://github.com/spring-cloud-samples/sleuth-documentation-apps/commit/4a78391dc08a9a9addbee2decc25a38caf0c4d6c
spring-cloud-samples,990cae67de60939c2f7863a47be15918fe19bb2e,2020-07-21 08:36:29,https://github.com/spring-cloud-samples/sleuth-documentation-apps/commit/990cae67de60939c2f7863a47be15918fe19bb2e
spring-cloud-samples,1e053bb0b3ef27f86e6f7c211c7706aa68e15ba4,2018-05-17 11:00:35,https://github.com/spring-cloud-samples/sleuth-issues/commit/1e053bb0b3ef27f86e6f7c211c7706aa68e15ba4
spring-cloud-samples,52e6681918552dab30cc82b601f89aad860cbf49,2020-07-20 14:35:47,https://github.com/spring-cloud-samples/sleuth-documentation-apps/commit/52e6681918552dab30cc82b601f89aad860cbf49
spring-cloud-samples,f861941d33c1b68cbe2f592b46785469d1a47c3c,2021-05-24 17:08:10,https://github.com/spring-cloud-samples/sleuth-documentation-apps/commit/f861941d33c1b68cbe2f592b46785469d1a47c3c
spring-cloud-samples,2236cb8e642a469d875cc7d3e60ff7fecf94792d,2020-11-13 07:37:33,https://github.com/spring-cloud-samples/sleuth-documentation-apps/commit/2236cb8e642a469d875cc7d3e60ff7fecf94792d
spring-cloud-samples,65342ef6a748b9e3724a55fd980b8f2a51de58bf,2022-11-03 14:15:17,https://github.com/spring-cloud-samples/sleuth-issues/commit/65342ef6a748b9e3724a55fd980b8f2a51de58bf
spring-cloud-samples,aaebd9da744ff4a1fb714380ca985716873a769f,2016-06-14 11:56:09,https://github.com/spring-cloud-samples/sleuth-documentation-apps/commit/aaebd9da744ff4a1fb714380ca985716873a769f
spring-cloud-samples,b7cb8e23508f2ca724c62fa79606619fb04e74bb,2016-07-24 19:37:29,https://github.com/spring-cloud-samples/sleuth-documentation-apps/commit/b7cb8e23508f2ca724c62fa79606619fb04e74bb
spring-cloud-samples,d4bad63924548bb75156bcc4dcb53e5c3fb689ac,2022-04-01 08:53:02,https://github.com/spring-cloud-samples/sleuth-documentation-apps/commit/d4bad63924548bb75156bcc4dcb53e5c3fb689ac
spring-cloud-samples,a10fe70436c5d863d1d3e558f114dc2029492685,2020-07-20 14:34:57,https://github.com/spring-cloud-samples/sleuth-issues/commit/a10fe70436c5d863d1d3e558f114dc2029492685
spring-cloud-samples,35e18dc69117b97813f0bbe3e42e48d6ed0424fa,2020-06-26 13:04:15,https://github.com/spring-cloud-samples/sc-contract-car-rental/commit/35e18dc69117b97813f0bbe3e42e48d6ed0424fa
spring-cloud-samples,b1b6b04ca1aa0ba04f375106d5c7aeb0c5e60b97,2017-01-16 13:58:38,https://github.com/spring-cloud-samples/sleuth-documentation-apps/commit/b1b6b04ca1aa0ba04f375106d5c7aeb0c5e60b97
spring-cloud-samples,9d32bdf9634dea9d74960b19986bccf48136f85e,2017-01-18 16:50:01,https://github.com/spring-cloud-samples/sleuth-documentation-apps/commit/9d32bdf9634dea9d74960b19986bccf48136f85e
spring-cloud-samples,12ddd4115c0c471f700e6f98cea52595adce8bea,2020-07-21 10:27:05,https://github.com/spring-cloud-samples/sleuth-issues/commit/12ddd4115c0c471f700e6f98cea52595adce8bea
spring-cloud-samples,2c0d2fd029b94fe825ded76af82b65e23de410ac,2017-09-02 07:19:55,https://github.com/spring-cloud-samples/sleuth-documentation-apps/commit/2c0d2fd029b94fe825ded76af82b65e23de410ac
spring-cloud-samples,d7e199ff654daccbc9b262242cd319678dc73e94,2016-05-30 13:20:37,https://github.com/spring-cloud-samples/sleuth-documentation-apps/commit/d7e199ff654daccbc9b262242cd319678dc73e94
spring-cloud-samples,7ec2f52b9e63024d9020ac14f0a9320c6babf9fe,2016-03-29 10:34:04,https://github.com/spring-cloud-samples/sleuth-documentation-apps/commit/7ec2f52b9e63024d9020ac14f0a9320c6babf9fe
spring-cloud-samples,63c31167dc489057c3db9d68cf4fd5b3651231fd,2024-08-08 06:50:20,https://github.com/spring-cloud-samples/sleuth-issues/commit/63c31167dc489057c3db9d68cf4fd5b3651231fd
spring-cloud-samples,751737c2ae2bf3dec5d88c7255d03504da14294c,2018-11-02 10:05:50,https://github.com/spring-cloud-samples/sleuth-documentation-apps/commit/751737c2ae2bf3dec5d88c7255d03504da14294c
spring-cloud-samples,b79588843bc92fb84b6b1f1572905788b07fc01f,2019-03-20 20:28:22,https://github.com/spring-cloud-samples/sleuth-documentation-apps/commit/b79588843bc92fb84b6b1f1572905788b07fc01f
spring-cloud-samples,484136e88411ec57ccb2e0f2f8ae12e08884c85f,2019-08-15 15:34:01,https://github.com/spring-cloud-samples/sleuth-documentation-apps/commit/484136e88411ec57ccb2e0f2f8ae12e08884c85f
spring-cloud-samples,0f17020e96d4491ad51da3b5cc3dd62dd976da5f,2024-07-10 20:26:00,https://github.com/spring-cloud-samples/the-legacy-app/commit/0f17020e96d4491ad51da3b5cc3dd62dd976da5f
spring-cloud-samples,a7de616012ad1119a9193863a7ee406922225300,2016-06-14 12:37:19,https://github.com/spring-cloud-samples/sleuth-documentation-apps/commit/a7de616012ad1119a9193863a7ee406922225300
spring-cloud-samples,b22168d313009bd8e118405978169dad6959a031,2019-09-18 10:10:30,https://github.com/spring-cloud-samples/sleuth-issues/commit/b22168d313009bd8e118405978169dad6959a031
spring-cloud-samples,0462958eccab1f3823a5efa50ef3170287ec3515,2019-03-20 01:25:33,https://github.com/spring-cloud-samples/sleuth-issues/commit/0462958eccab1f3823a5efa50ef3170287ec3515
spring-cloud-samples,e4b99a2b825eec5fde83f3e743271dfe30394ef0,2018-08-20 14:20:22,https://github.com/spring-cloud-samples/sc-contract-car-rental/commit/e4b99a2b825eec5fde83f3e743271dfe30394ef0
spring-cloud-samples,7282bcd8b831b2c2580a60281238e3e6e25a6198,2020-12-23 11:02:29,https://github.com/spring-cloud-samples/sc-contract-car-rental/commit/7282bcd8b831b2c2580a60281238e3e6e25a6198
spring-cloud-samples,2aa775153555c2a60b259495fbc324ba50861310,2021-01-30 00:09:10,https://github.com/spring-cloud-samples/sleuth-issues/commit/2aa775153555c2a60b259495fbc324ba50861310
spring-cloud-samples,c583f7acac7bc3d4d7e130c485645b22ca6f3a50,2020-12-23 10:41:50,https://github.com/spring-cloud-samples/sleuth-issues/commit/c583f7acac7bc3d4d7e130c485645b22ca6f3a50
spring-cloud-samples,1c12db56de8fdbc94db59a73fa8b8f6af38e2fd0,2018-04-17 14:49:34,https://github.com/spring-cloud-samples/sleuth-documentation-apps/commit/1c12db56de8fdbc94db59a73fa8b8f6af38e2fd0
spring-cloud-samples,6f9c95be43908f3532a330108d43a81170b787a2,2016-04-19 12:27:26,https://github.com/spring-cloud-samples/sleuth-documentation-apps/commit/6f9c95be43908f3532a330108d43a81170b787a2
spring-cloud-samples,bcb9066093c37becd55d5079b8369eae0470f808,2018-04-17 14:59:17,https://github.com/spring-cloud-samples/sleuth-documentation-apps/commit/bcb9066093c37becd55d5079b8369eae0470f808
spring-cloud-samples,1693a89e05eae09bfffce7b6ad5a0faa08bb0b71,2020-07-29 06:43:13,https://github.com/spring-cloud-samples/sleuth-issues/commit/1693a89e05eae09bfffce7b6ad5a0faa08bb0b71
spring-cloud-samples,bdd0e08bd572b9eb6ec05856a4c51d21e7ae0b98,2018-12-20 09:48:13,https://github.com/spring-cloud-samples/sleuth-documentation-apps/commit/bdd0e08bd572b9eb6ec05856a4c51d21e7ae0b98
spring-cloud-samples,f2c344e62bb8bafbe1a5a08b0806703f02f4a2a8,2020-05-29 19:45:30,https://github.com/spring-cloud-samples/sc-contract-car-rental/commit/f2c344e62bb8bafbe1a5a08b0806703f02f4a2a8
spring-cloud-samples,4b7b6f3f1585158555bcd6791abd9ba547b85f09,2016-05-30 14:34:21,https://github.com/spring-cloud-samples/sleuth-documentation-apps/commit/4b7b6f3f1585158555bcd6791abd9ba547b85f09
spring-guides,f29e5ee99f0bbb205b70611228abcf256032a21e,2013-06-03 07:30:32,https://github.com/spring-guides/gs-actuator-service/commit/f29e5ee99f0bbb205b70611228abcf256032a21e
spring-guides,28d671293d2176079f78442fd640da90a62c3f1f,2019-09-21 14:27:33,https://github.com/spring-guides/gs-accessing-data-mysql/commit/28d671293d2176079f78442fd640da90a62c3f1f
spring-guides,a7c7298d53c1f2acc8c7e49c7dd53051a79cebf6,2013-07-11 17:39:16,https://github.com/spring-guides/gs-consuming-rest/commit/a7c7298d53c1f2acc8c7e49c7dd53051a79cebf6
spring-guides,747e64ef4d6717dd1adbc779bb621277c9465b33,2014-09-02 15:54:56,https://github.com/spring-guides/gs-async-method/commit/747e64ef4d6717dd1adbc779bb621277c9465b33
spring-guides,80d0f423f1ec5e47ad56d1dce7fc15d926ac991a,2021-09-16 19:05:31,https://github.com/spring-guides/gs-consuming-rest/commit/80d0f423f1ec5e47ad56d1dce7fc15d926ac991a
spring-guides,2f0518a0ce2f2cea05b7b782d41762afdb4ad6ed,2014-06-03 18:33:31,https://github.com/spring-guides/gs-spring-boot/commit/2f0518a0ce2f2cea05b7b782d41762afdb4ad6ed
spring-guides,63a9b422fe59591194d856feade54df73fd72995,2013-07-12 13:14:11,https://github.com/spring-guides/gs-uploading-files/commit/63a9b422fe59591194d856feade54df73fd72995
spring-guides,acb552c202d9b02db9f4a04badf5e5ff066ee033,2015-02-27 04:39:15,https://github.com/spring-guides/gs-accessing-data-rest/commit/acb552c202d9b02db9f4a04badf5e5ff066ee033
spring-guides,601dea288f4b574fe7e121fce985e2642d1620ea,2014-01-22 18:21:04,https://github.com/spring-guides/gs-accessing-data-mongodb/commit/601dea288f4b574fe7e121fce985e2642d1620ea
spring-guides,c9ed896050ee28b7b64a6e971fea7c07be909cce,2018-03-06 05:21:38,https://github.com/spring-guides/gs-contract-rest/commit/c9ed896050ee28b7b64a6e971fea7c07be909cce
spring-guides,00cc3a6914b951f285f2adf1b6c5449b191472c0,2014-06-28 02:54:45,https://github.com/spring-guides/gs-reactive-rest-service/commit/00cc3a6914b951f285f2adf1b6c5449b191472c0
spring-guides,36fcbba66bc48e5facd1168db6e9ebf57e8501b1,2024-06-10 17:34:22,https://github.com/spring-guides/gs-rest-service/commit/36fcbba66bc48e5facd1168db6e9ebf57e8501b1
spring-guides,316d9b6a6d26a4dd547175debc85b020d973caa6,2016-11-30 16:06:19,https://github.com/spring-guides/gs-consuming-rest/commit/316d9b6a6d26a4dd547175debc85b020d973caa6
spring-guides,32e4174616b3042ac21dac7a5eb9d13a65b21da5,2021-06-01 20:49:07,https://github.com/spring-guides/gs-async-method/commit/32e4174616b3042ac21dac7a5eb9d13a65b21da5
spring-guides,d4c2ae34425177b81e3b92759f4688e9ffdb2397,2015-06-15 15:52:41,https://github.com/spring-guides/gs-accessing-data-neo4j/commit/d4c2ae34425177b81e3b92759f4688e9ffdb2397
spring-guides,04eb6d9f685162e4588ff18b575686be841131e5,2019-03-15 15:19:56,https://github.com/spring-guides/gs-accessing-data-mongodb/commit/04eb6d9f685162e4588ff18b575686be841131e5
spring-guides,33a18022208ddcf0ce53e1c1154cbfa78a58b0cb,2018-03-01 15:21:13,https://github.com/spring-guides/gs-producing-web-service/commit/33a18022208ddcf0ce53e1c1154cbfa78a58b0cb
spring-guides,b6a27ca8f8792032c0a068e6c8c2795cbb9df8b4,2016-07-02 09:10:41,https://github.com/spring-guides/gs-messaging-rabbitmq/commit/b6a27ca8f8792032c0a068e6c8c2795cbb9df8b4
spring-guides,bb149b6c7cbd63c9925065103f5462508efa70d5,2019-03-20 12:30:51,https://github.com/spring-guides/gs-messaging-rabbitmq/commit/bb149b6c7cbd63c9925065103f5462508efa70d5
spring-guides,c3437552b49e7316cdc6acc300bf9ce93581bbf5,2014-04-01 20:10:49,https://github.com/spring-guides/gs-accessing-data-neo4j/commit/c3437552b49e7316cdc6acc300bf9ce93581bbf5
spring-guides,aa3e24db5e1f969dd6f6a83b119cd8c5ed2a2fd7,2013-11-22 13:40:31,https://github.com/spring-guides/gs-validating-form-input/commit/aa3e24db5e1f969dd6f6a83b119cd8c5ed2a2fd7
spring-guides,14c1b10bb3739b569180dd8ff60a31692fbd0c8e,2013-08-16 20:34:38,https://github.com/spring-guides/gs-accessing-data-mongodb/commit/14c1b10bb3739b569180dd8ff60a31692fbd0c8e
spring-guides,e658946fe53650a2ce60a2b2785cd453bd03dda1,2013-07-19 20:29:32,https://github.com/spring-guides/gs-service-registration-and-discovery/commit/e658946fe53650a2ce60a2b2785cd453bd03dda1
spring-guides,76fc4473b32437d4d6a8f7622142d57c58891527,2015-06-12 18:01:43,https://github.com/spring-guides/gs-accessing-data-jpa/commit/76fc4473b32437d4d6a8f7622142d57c58891527
spring-guides,3d57f6cfcb7f8f53e3f7ac5a0f5b21f8104830b6,2013-07-17 11:22:22,https://github.com/spring-guides/gs-accessing-data-neo4j/commit/3d57f6cfcb7f8f53e3f7ac5a0f5b21f8104830b6
spring-guides,a774128139cbd4ec3c92dfa643c90315b21e09e2,2015-02-25 15:39:49,https://github.com/spring-guides/gs-accessing-mongodb-data-rest/commit/a774128139cbd4ec3c92dfa643c90315b21e09e2
spring-guides,b40ca97cc9b213ab593dd2c430cb5ad2b63b98aa,2019-09-21 14:26:42,https://github.com/spring-guides/gs-accessing-data-jpa/commit/b40ca97cc9b213ab593dd2c430cb5ad2b63b98aa
spring-guides,f09ca00cbcc400bfcce4d53d1202303b9f4c678d,2014-01-22 18:21:36,https://github.com/spring-guides/gs-service-registration-and-discovery/commit/f09ca00cbcc400bfcce4d53d1202303b9f4c678d
spring-guides,ea9b3b6392c5f6c80108b96bd2ddc06bf74a6786,2016-01-11 10:33:45,https://github.com/spring-guides/gs-centralized-configuration/commit/ea9b3b6392c5f6c80108b96bd2ddc06bf74a6786
spring-guides,f9b56164a116cfc098e8aa9f28aa82f15449d6ba,2021-01-07 13:20:16,https://github.com/spring-guides/gs-spring-cloud-loadbalancer/commit/f9b56164a116cfc098e8aa9f28aa82f15449d6ba
spring-guides,4df4cc18d64c8ae7f04795454be500b30242ef0b,2014-07-08 20:41:20,https://github.com/spring-guides/gs-accessing-data-mysql/commit/4df4cc18d64c8ae7f04795454be500b30242ef0b
spring-guides,74f65705170a7182a2f5f1faf4874fcabeccffcc,2013-07-12 13:14:10,https://github.com/spring-guides/gs-securing-web/commit/74f65705170a7182a2f5f1faf4874fcabeccffcc
spring-guides,b4121e6eba1633690d4c2958725baba4ae9376e2,2016-07-02 09:10:41,https://github.com/spring-guides/gs-centralized-configuration/commit/b4121e6eba1633690d4c2958725baba4ae9376e2
spring-guides,0e6cfe5643370580577a83df83f154b9038b977d,2018-04-05 16:44:44,https://github.com/spring-guides/gs-integration/commit/0e6cfe5643370580577a83df83f154b9038b977d
spring-guides,320a4d4ec6c13e45e5e38aa0f10a0140f0172705,2018-05-09 16:26:29,https://github.com/spring-guides/gs-managing-transactions/commit/320a4d4ec6c13e45e5e38aa0f10a0140f0172705
spring-guides,d06b6d2883f01e15e73e46e890ddbabfe48ab1d7,2013-08-08 02:32:48,https://github.com/spring-guides/gs-accessing-data-mongodb/commit/d06b6d2883f01e15e73e46e890ddbabfe48ab1d7
spring-guides,ad0c470582162f634097d7e5db8825c5e0d63c5c,2014-06-11 00:16:33,https://github.com/spring-guides/gs-managing-transactions/commit/ad0c470582162f634097d7e5db8825c5e0d63c5c
spring-guides,4dccb853bb910eebf90d0473080d0e9185071d63,2019-09-27 14:54:42,https://github.com/spring-guides/gs-multi-module/commit/4dccb853bb910eebf90d0473080d0e9185071d63
spring-guides,61af7b3c87a3a8fdccb6af6aba74daf06ac3d5cf,2014-07-08 20:41:30,https://github.com/spring-guides/gs-accessing-mongodb-data-rest/commit/61af7b3c87a3a8fdccb6af6aba74daf06ac3d5cf
spring-guides,ff1eb05d8a25f7e7b4d92d72d155e258b32e23a0,2023-12-19 14:43:48,https://github.com/spring-guides/gs-spring-cloud-loadbalancer/commit/ff1eb05d8a25f7e7b4d92d72d155e258b32e23a0
spring-guides,b0a92803a646e213dd5da2886d50584a295ea341,2016-10-26 13:54:00,https://github.com/spring-guides/gs-accessing-mongodb-data-rest/commit/b0a92803a646e213dd5da2886d50584a295ea341
spring-guides,6341ef826f9e072c2c12a6e0a4233aa4b98f92d7,2013-09-09 02:44:53,https://github.com/spring-guides/gs-messaging-jms/commit/6341ef826f9e072c2c12a6e0a4233aa4b98f92d7
spring-guides,ef52501fa4d39d4abd664bd64498c9a6a5b78a84,2015-08-25 20:09:52,https://github.com/spring-guides/gs-accessing-data-rest/commit/ef52501fa4d39d4abd664bd64498c9a6a5b78a84
spring-guides,254a4ef023090737e6e8dc7f5b8e211a77a886cd,2021-02-01 21:10:13,https://github.com/spring-guides/gs-rest-service/commit/254a4ef023090737e6e8dc7f5b8e211a77a886cd
spring-guides,f84aa7197cabb307f377c9ccb7af211675ee7b63,2019-03-15 15:15:33,https://github.com/spring-guides/gs-spring-data-reactive-redis/commit/f84aa7197cabb307f377c9ccb7af211675ee7b63
spring-guides,afe19c33b7bcfce5b266794fa29997b337129700,2014-09-29 17:54:37,https://github.com/spring-guides/gs-contract-rest/commit/afe19c33b7bcfce5b266794fa29997b337129700
spring-guides,3b46d9652f751c4e33603a5b64fa1dfa7035cb90,2014-02-12 15:18:03,https://github.com/spring-guides/gs-spring-boot/commit/3b46d9652f751c4e33603a5b64fa1dfa7035cb90
spring-guides,c0b5e87f0aff3785ebac94824a292b699d1aaf0b,2016-05-06 14:48:12,https://github.com/spring-guides/gs-accessing-data-neo4j/commit/c0b5e87f0aff3785ebac94824a292b699d1aaf0b
spring-guides,92a32560a822b267df3549e15e9f9a96c9506733,2013-08-01 18:34:37,https://github.com/spring-guides/gs-validating-form-input/commit/92a32560a822b267df3549e15e9f9a96c9506733
spring-guides,aaf9cd9a459b015a81335664dc8c4ba715321b92,2013-08-15 17:03:05,https://github.com/spring-guides/gs-authenticating-ldap/commit/aaf9cd9a459b015a81335664dc8c4ba715321b92
spring-guides,644f4a2559dce51f95f2f384960c332d51b1fe77,2013-08-30 21:58:07,https://github.com/spring-guides/gs-accessing-data-jpa/commit/644f4a2559dce51f95f2f384960c332d51b1fe77
spring-guides,461e6bee529dff16a9e1997381ca24b296effe40,2013-08-15 17:03:00,https://github.com/spring-guides/gs-actuator-service/commit/461e6bee529dff16a9e1997381ca24b296effe40
spring-guides,9f89f77201e4a5f8902942c07670223c7944b63b,2016-09-26 19:27:01,https://github.com/spring-guides/gs-consuming-rest/commit/9f89f77201e4a5f8902942c07670223c7944b63b
spring-guides,330f160ccd8989eae77ef3cddd7cced6147a308d,2021-06-01 20:43:46,https://github.com/spring-guides/gs-consuming-rest/commit/330f160ccd8989eae77ef3cddd7cced6147a308d
spring-guides,bcb35dbd0c5f047425a131b698b4466b4b4a4c42,2013-08-23 15:10:33,https://github.com/spring-guides/gs-rest-hateoas/commit/bcb35dbd0c5f047425a131b698b4466b4b4a4c42
spring-guides,bf7940fd3b3d71e037a163405349a5ec1d3c796b,2016-08-26 15:45:28,https://github.com/spring-guides/gs-managing-transactions/commit/bf7940fd3b3d71e037a163405349a5ec1d3c796b
spring-guides,fd04d807422c7b4812425864418a48e9d1d330dc,2013-06-21 16:44:19,https://github.com/spring-guides/gs-securing-web/commit/fd04d807422c7b4812425864418a48e9d1d330dc
spring-guides,5a46b9d6eded3e171cc45c31eda3b9cc04a325fb,2023-10-20 14:33:11,https://github.com/spring-guides/gs-rest-hateoas/commit/5a46b9d6eded3e171cc45c31eda3b9cc04a325fb
spring-guides,bfed3f56a47e0fcbc10613cb1cf6430d2296c95c,2014-06-24 23:55:43,https://github.com/spring-guides/gs-consuming-web-service/commit/bfed3f56a47e0fcbc10613cb1cf6430d2296c95c
spring-guides,9a15349b298c94d7bf3ef90644ae010fcf16bb81,2016-02-24 16:07:15,https://github.com/spring-guides/gs-contract-rest/commit/9a15349b298c94d7bf3ef90644ae010fcf16bb81
spring-guides,6f8ca5965724db1e03798f8f7e0bb55679c8eabb,2014-02-14 20:54:05,https://github.com/spring-guides/gs-rest-service/commit/6f8ca5965724db1e03798f8f7e0bb55679c8eabb
spring-guides,cbb93f1f2b97429068b527433fbc3b71a5a5a9cb,2016-08-29 14:54:26,https://github.com/spring-guides/gs-validating-form-input/commit/cbb93f1f2b97429068b527433fbc3b71a5a5a9cb
spring-guides,f13af5e6c11761daf3940f70e171682714e38e53,2014-02-12 15:17:09,https://github.com/spring-guides/gs-accessing-data-r2dbc/commit/f13af5e6c11761daf3940f70e171682714e38e53
spring-guides,8bf5da88dc07dcb51bbe89dcbc09a6868c016125,2015-06-19 21:24:36,https://github.com/spring-guides/gs-centralized-configuration/commit/8bf5da88dc07dcb51bbe89dcbc09a6868c016125
spring-guides,8c98efa99bd4a8df5e7f0326a134420168f9c278,2021-03-19 16:16:04,https://github.com/spring-guides/gs-crud-with-vaadin/commit/8c98efa99bd4a8df5e7f0326a134420168f9c278
spring-guides,d52159689f4c3512cbb5c698766cdd93513665c7,2024-05-22 09:47:26,https://github.com/spring-guides/gs-scheduling-tasks/commit/d52159689f4c3512cbb5c698766cdd93513665c7
spring-guides,6717fb64e7f28df36caa782b4ff0e6a1848e3782,2016-11-30 16:09:17,https://github.com/spring-guides/gs-accessing-data-rest/commit/6717fb64e7f28df36caa782b4ff0e6a1848e3782
spring-guides,d2d6aeb25a4465397be8d6ab3f20a02b2a12d9ce,2016-05-06 14:48:57,https://github.com/spring-guides/gs-managing-transactions/commit/d2d6aeb25a4465397be8d6ab3f20a02b2a12d9ce
spring-guides,56b80cdaa77c9cb0e64a94827730a8f59c425495,2014-04-01 20:11:03,https://github.com/spring-guides/gs-authenticating-ldap/commit/56b80cdaa77c9cb0e64a94827730a8f59c425495
spring-guides,8cfd43019f63ed86459cc252922f65ba4aee40b0,2016-11-08 17:53:02,https://github.com/spring-guides/gs-scheduling-tasks/commit/8cfd43019f63ed86459cc252922f65ba4aee40b0
spring-guides,7177efe4eeaf9a74670cce3522a6b1161ccc9705,2016-07-29 16:26:31,https://github.com/spring-guides/gs-consuming-rest/commit/7177efe4eeaf9a74670cce3522a6b1161ccc9705
spring-guides,3f9ac99f7e31aca18f6e07155f2c1f554dcf8ac2,2020-04-07 14:24:15,https://github.com/spring-guides/gs-crud-with-vaadin/commit/3f9ac99f7e31aca18f6e07155f2c1f554dcf8ac2
spring-guides,6b6f5196af35d83f62f91291d11cb4cb0f8a7d29,2020-01-22 16:14:06,https://github.com/spring-guides/gs-async-method/commit/6b6f5196af35d83f62f91291d11cb4cb0f8a7d29
spring-guides,e423ae78284a1b6ce2384262fbc5041edb1a9640,2014-05-22 20:20:42,https://github.com/spring-guides/gs-consuming-web-service/commit/e423ae78284a1b6ce2384262fbc5041edb1a9640
spring-guides,460a96b7d02043d2764c4c4bed1834b4d1716799,2013-07-31 19:42:28,https://github.com/spring-guides/gs-authenticating-ldap/commit/460a96b7d02043d2764c4c4bed1834b4d1716799
aws-samples,5ddbdcb961950ce1776dfcdac47df47bfe670471,2021-08-04 18:05:01,https://github.com/aws-samples/aws-nitro-enclaves-workshop/commit/5ddbdcb961950ce1776dfcdac47df47bfe670471
aws-samples,1366027f0f43739a63f1743c8b04ae30ba8d6e39,2024-03-13 20:24:22,https://github.com/aws-samples/amazon-bedrock-rag/commit/1366027f0f43739a63f1743c8b04ae30ba8d6e39
aws-samples,3bb3437cb1702b9854c2fdc0eabfd66fa20ea80a,2024-08-06 16:18:17,https://github.com/aws-samples/support-insights-with-amazon-q/commit/3bb3437cb1702b9854c2fdc0eabfd66fa20ea80a
aws-samples,a04cc8fe805b1d62c2168af8504e224c4c65fa07,2022-08-08 09:49:15,https://github.com/aws-samples/aws-lambda-java-workshop/commit/a04cc8fe805b1d62c2168af8504e224c4c65fa07
aws-samples,41a009d5adfe16db6b6d91bc1b35075cf51503d2,2023-09-04 22:40:58,https://github.com/aws-samples/aws-serverless-developer-experience-workshop-java/commit/41a009d5adfe16db6b6d91bc1b35075cf51503d2
aws-samples,ece62fe31027b3fa978067beebc359ed1f35c799,2023-11-03 13:25:17,https://github.com/aws-samples/sample-python-helper-aws-appconfig/commit/ece62fe31027b3fa978067beebc359ed1f35c799
aws-samples,302f24c07502b70b46cfec7ecf678d16fa5cb5a3,2023-09-12 16:00:53,https://github.com/aws-samples/engineering-quickstarts-for-serverless-and-container-applications/commit/302f24c07502b70b46cfec7ecf678d16fa5cb5a3
aws-samples,a2d9526704667b411e0dd4fe0744967455846438,2022-02-22 11:38:38,https://github.com/aws-samples/amazon-lookout-for-vision-demo/commit/a2d9526704667b411e0dd4fe0744967455846438
aws-samples,ede679686d3147d6bb82e4fe88be2d82ba3d5239,2021-04-10 23:50:48,https://github.com/aws-samples/streamlit-application-deployment-on-aws/commit/ede679686d3147d6bb82e4fe88be2d82ba3d5239
